<KeyValueMapOperations mapIdentifier="CPICredentials" continueOnError="false" enabled="true" xmlns="http://www.sap.com/apimgmt">
<!-- Read parameter with key "username" and assign its value to private variable BasicAuthUsername-->
<Get assignTo="private.BasicAuthUsername" index='1'>
<Key><Parameter>username</Parameter></Key>
</Get>
<!-- Read parameter with key "password" and assign its value to private variable BasicAuthPassword-->
<Get assignTo="private.BasicAuthPassword" index='1'>
<Key><Parameter>password</Parameter></Key>
</Get>
<Scope>environment</Scope>
</KeyValueMapOperations>
