<?xml version="1.0" encoding="UTF-8"?><PolicyTemplateContainer>
    <name>CORS_PolicyTemp</name>
    <version>1</version>
    <title>CORS PolicyTemplate</title>
    <proxyEndPointxml>&lt;preFlow&gt;&lt;name&gt;PreFlow&lt;/name&gt;&lt;request&gt;&lt;isRequest&gt;true&lt;/isRequest&gt;&lt;steps&gt;&lt;/steps&gt;&lt;/request&gt;&lt;response&gt;&lt;isRequest&gt;false&lt;/isRequest&gt;&lt;steps&gt;&lt;/steps&gt;&lt;/response&gt;&lt;/preFlow&gt;&lt;postFlow&gt;&lt;name&gt;PostFlow&lt;/name&gt;&lt;request&gt;&lt;isRequest&gt;true&lt;/isRequest&gt;&lt;steps&gt;&lt;/steps&gt;&lt;/request&gt;&lt;response&gt;&lt;isRequest&gt;false&lt;/isRequest&gt;&lt;steps&gt;&lt;step&gt;&lt;policy_name&gt;setCORS&lt;/policy_name&gt;&lt;condition&gt;&lt;/condition&gt;&lt;sequence&gt;1&lt;/sequence&gt;&lt;/step&gt;&lt;/steps&gt;&lt;/response&gt;&lt;/postFlow&gt;&lt;defaultFaultRule&gt;&lt;name&gt;defaultFaultRule&lt;/name&gt;&lt;steps&gt;&lt;/steps&gt;&lt;/defaultFaultRule&gt;&lt;postClientFlow&gt;&lt;name&gt;postClientFlow&lt;/name&gt;&lt;response&gt;&lt;steps&gt;&lt;/steps&gt;&lt;/response&gt;&lt;/postClientFlow&gt;</proxyEndPointxml>
    <life_cycle>
        <changed_by>r-sugimoto@dts.co.jp</changed_by>
        <created_by>r-sugimoto@dts.co.jp</created_by>
    </life_cycle>
    <targetEndPointxml>&lt;preFlow&gt;&lt;name&gt;PreFlow&lt;/name&gt;&lt;request&gt;&lt;isRequest&gt;true&lt;/isRequest&gt;&lt;steps&gt;&lt;step&gt;&lt;policy_name&gt;getCPICredentials&lt;/policy_name&gt;&lt;condition&gt;&lt;/condition&gt;&lt;sequence&gt;1&lt;/sequence&gt;&lt;/step&gt;&lt;step&gt;&lt;policy_name&gt;applyBasicAuthentication&lt;/policy_name&gt;&lt;condition&gt;&lt;/condition&gt;&lt;sequence&gt;2&lt;/sequence&gt;&lt;/step&gt;&lt;/steps&gt;&lt;/request&gt;&lt;response&gt;&lt;isRequest&gt;false&lt;/isRequest&gt;&lt;steps&gt;&lt;/steps&gt;&lt;/response&gt;&lt;/preFlow&gt;&lt;postFlow&gt;&lt;name&gt;PostFlow&lt;/name&gt;&lt;request&gt;&lt;isRequest&gt;true&lt;/isRequest&gt;&lt;steps&gt;&lt;/steps&gt;&lt;/request&gt;&lt;response&gt;&lt;isRequest&gt;false&lt;/isRequest&gt;&lt;steps&gt;&lt;/steps&gt;&lt;/response&gt;&lt;/postFlow&gt;&lt;defaultFaultRule&gt;&lt;name&gt;defaultFaultRule&lt;/name&gt;&lt;steps&gt;&lt;/steps&gt;&lt;/defaultFaultRule&gt;&lt;postClientFlow&gt;&lt;name&gt;postClientFlow&lt;/name&gt;&lt;response&gt;&lt;steps&gt;&lt;/steps&gt;&lt;/response&gt;&lt;/postClientFlow&gt;</targetEndPointxml>
    <policies>
        <policy type="AssignMessage">setCORS</policy>
        <policy type="BasicAuth">applyBasicAuthentication</policy>
        <policy type="RaiseFault">defaultRaiseFaultPolicy</policy>
        <policy type="KeyValueMapOperations">getCPICredentials</policy>
    </policies>
    <fileResources/>
</PolicyTemplateContainer>